City_ID,City,Country,Lat,Lng,Max Temp,Humidity,Cloudiness,Wind Speed,Current Description,Rain (inches),Snow (inches)
0,Nador,MA,35.174,-2.9287,64.65,94,40,0.0,scattered clouds,0.0,0.0
1,Salamanca,ES,40.8333,-6.0,57.61,46,99,4.29,overcast clouds,0.0,0.0
2,Tuktoyaktuk,CA,69.4541,-133.0374,30.2,93,90,3.44,overcast clouds,0.0,0.0
3,Cherskiy,RU,68.75,161.3,11.8,90,66,2.8,broken clouds,0.0,0.0
4,Aksu,CN,41.1231,80.2644,44.58,53,4,5.64,clear sky,0.0,0.0
5,Santiago De Cao,PE,-7.9589,-79.2392,60.93,88,90,8.05,mist,0.0,0.0
6,Iranshahr,IR,27.2025,60.6848,77.58,19,0,1.45,clear sky,0.0,0.0
7,Guerrero Negro,MX,27.9769,-114.0611,72.3,79,3,19.33,clear sky,0.0,0.0
8,Nikolskoye,RU,59.7035,30.7861,51.87,71,100,7.02,overcast clouds,0.0,0.0
9,Ushuaia,AR,-54.8,-68.3,38.86,81,40,18.41,light intensity drizzle,0.0,0.0
10,Inhambane,MZ,-23.865,35.3833,69.26,74,0,7.87,clear sky,0.0,0.0
11,San Juan,AR,-31.5375,-68.5364,59.72,57,73,18.52,broken clouds,0.0,0.0
12,Porto Murtinho,BR,-21.6989,-57.8825,81.41,59,99,2.75,overcast clouds,0.0,0.0
13,Saint-Philippe,RE,-21.3585,55.7679,69.39,81,95,15.39,light rain,0.25,0.0
14,Albany,US,42.6001,-73.9662,64.98,87,100,1.01,overcast clouds,0.0,0.0
15,Touros,BR,-5.1989,-35.4608,79.7,79,99,12.15,overcast clouds,0.0,0.0
16,Ribeira Grande,PT,38.5167,-28.7,69.67,64,67,6.73,broken clouds,0.0,0.0
17,Pathein,MM,16.7833,94.7333,81.64,82,71,3.89,broken clouds,0.0,0.0
18,Barrow,US,71.2906,-156.7887,30.22,80,90,17.27,light snow,0.0,0.0
19,Urdoma,RU,61.7533,48.5442,39.81,88,100,3.74,moderate rain,2.05,0.0
20,Punta Arenas,CL,-53.15,-70.9167,39.31,65,0,12.66,clear sky,0.0,0.0
21,Bluff,NZ,-46.6,168.3333,55.8,60,35,11.34,scattered clouds,0.0,0.0
22,Matadi,CD,-5.8167,13.45,77.59,80,50,4.0,scattered clouds,0.0,0.0
23,Aklavik,CA,68.2191,-135.0107,32.83,85,17,4.68,few clouds,0.0,0.0
24,Shenjiamen,CN,29.9576,122.298,79.12,81,3,12.64,clear sky,0.0,0.0
25,Rikitea,PF,-23.1203,-134.9692,74.28,78,100,10.51,light rain,0.3,0.0
26,Ponta Do Sol,PT,32.6667,-17.1,72.23,74,99,3.65,overcast clouds,0.0,0.0
27,Chuy,UY,-33.6971,-53.4616,52.43,77,77,7.43,broken clouds,0.0,0.0
28,Hilo,US,19.7297,-155.09,80.33,75,90,11.5,light rain,0.57,0.0
29,Hermanus,ZA,-34.4187,19.2345,59.81,86,8,13.11,clear sky,0.0,0.0
30,Ancud,CL,-41.8697,-73.8203,47.43,91,0,4.23,clear sky,0.0,0.0
31,Egvekinot,RU,66.3167,-179.1667,22.86,84,100,14.07,overcast clouds,0.0,0.0
32,Mairwa,IN,26.2333,84.15,78.53,69,0,2.21,clear sky,0.0,0.0
33,Bandundu,CD,-3.3167,17.3667,72.86,90,80,1.68,broken clouds,0.0,0.0
34,Assiniboia,CA,49.6334,-105.9845,55.31,54,99,3.44,overcast clouds,0.0,0.0
35,Vanavara,RU,60.34,102.2797,35.51,96,100,14.47,light rain,0.29,0.0
36,Atuona,PF,-9.8,-139.0333,78.06,74,13,13.4,few clouds,0.0,0.0
37,Linden,GY,6.0,-58.3,77.14,98,94,3.0,overcast clouds,0.0,0.0
38,Dikson,RU,73.5069,80.5464,28.04,78,100,24.32,light snow,0.0,0.23
39,Mareeba,AU,-17.0,145.4333,86.43,52,6,10.87,clear sky,0.0,0.0
40,Mataura,NZ,-46.1927,168.8643,55.47,46,54,5.1,broken clouds,0.0,0.0
41,Cape Town,ZA,-33.9258,18.4232,59.09,82,20,3.44,few clouds,0.0,0.0
42,Lebu,CL,-37.6167,-73.65,49.35,94,8,9.13,clear sky,0.0,0.0
43,Sur,OM,22.5667,59.5289,82.18,48,1,5.86,clear sky,0.0,0.0
44,Avarua,CK,-21.2078,-159.775,78.85,61,20,6.91,few clouds,0.0,0.0
45,Jamestown,US,42.097,-79.2353,67.64,82,75,5.75,broken clouds,0.0,0.0
46,Susanville,US,40.4163,-120.653,53.44,33,1,14.0,clear sky,0.0,0.0
47,Qaanaaq,GL,77.484,-69.3632,18.99,74,78,8.79,broken clouds,0.0,0.0
48,Dasoguz,TM,41.8363,59.9666,35.71,69,0,6.91,clear sky,0.0,0.0
49,Mehamn,NO,71.0357,27.8492,36.7,72,100,9.78,overcast clouds,0.0,0.0
50,Busselton,AU,-33.65,115.3333,56.08,53,64,8.39,broken clouds,0.0,0.0
51,Butaritari,KI,3.0707,172.7902,82.04,76,14,12.1,light rain,0.15,0.0
52,Awjilah,LY,29.1081,21.2869,73.67,28,0,11.14,clear sky,0.0,0.0
53,Bredasdorp,ZA,-34.5322,20.0403,59.29,77,40,5.75,scattered clouds,0.0,0.0
54,Belaya Gora,RU,68.5333,146.4167,22.53,66,100,1.16,overcast clouds,0.0,0.0
55,Rudnyy,KZ,52.9594,63.1206,25.03,58,1,6.11,clear sky,0.0,0.0
56,Synya,RU,65.3718,58.0387,34.12,80,100,11.7,overcast clouds,0.0,0.0
57,Warmbad,NA,-28.45,18.7333,54.54,32,69,7.49,broken clouds,0.0,0.0
58,Salalah,OM,17.0151,54.0924,78.89,83,0,4.61,clear sky,0.0,0.0
59,Novikovo,RU,51.1537,37.8879,35.31,62,0,5.23,clear sky,0.0,0.0
60,Marawi,PH,7.9986,124.2928,67.64,95,100,2.62,moderate rain,2.05,0.0
61,Bambous Virieux,MU,-20.3428,57.7575,70.05,83,75,3.44,light rain,0.19,0.0
62,Vaini,TO,-21.2,-175.2,75.83,79,49,8.9,scattered clouds,0.0,0.0
63,New Norfolk,AU,-42.7826,147.0587,60.75,53,97,3.47,overcast clouds,0.0,0.0
64,Puerto Ayora,EC,-0.7393,-90.3518,69.55,91,100,5.01,overcast clouds,0.0,0.0
65,Griffith,US,41.5284,-87.4237,66.31,94,75,3.44,broken clouds,0.0,0.0
66,Port Alfred,ZA,-33.5906,26.891,61.81,76,61,14.99,broken clouds,0.0,0.0
67,Katsuura,JP,35.1333,140.3,78.84,81,80,12.91,broken clouds,0.0,0.0
68,Beyneu,KZ,45.3167,55.2,42.33,46,12,8.99,few clouds,0.0,0.0
69,Manpur,IN,22.4333,75.6167,71.49,72,25,2.04,scattered clouds,0.0,0.0
70,Avera,US,33.194,-82.5271,72.28,92,1,2.84,clear sky,0.0,0.0
71,Iskateley,RU,67.6803,53.1512,34.5,67,98,14.9,overcast clouds,0.0,0.0
72,Mongo,TD,12.1844,18.693,79.79,57,92,4.83,overcast clouds,0.0,0.0
73,Itaituba,BR,-4.2761,-55.9836,75.13,90,51,2.21,broken clouds,0.0,0.0
74,Kuytun,RU,54.3419,101.5036,37.44,73,37,7.92,scattered clouds,0.0,0.0
75,Mersing,MY,2.4312,103.8405,84.11,84,40,4.61,scattered clouds,0.0,0.0
76,Georgetown,MY,5.4112,100.3354,83.89,83,20,1.99,few clouds,0.0,0.0
77,Sorong,ID,-0.8833,131.25,84.15,75,76,10.74,broken clouds,0.0,0.0
78,Yumen,CN,40.2833,97.2,34.83,37,0,11.81,clear sky,0.0,0.0
79,Maceio,BR,-9.6658,-35.7353,78.24,88,20,4.61,few clouds,0.0,0.0
80,Storforshei,NO,66.4043,14.5233,47.66,98,100,4.43,overcast clouds,0.0,0.0
81,Xai-Xai,MZ,-25.0519,33.6442,66.63,69,0,8.16,clear sky,0.0,0.0
82,Kodiak,US,57.79,-152.4072,53.11,47,20,14.97,few clouds,0.0,0.0
83,Talagang,PK,32.9297,72.4158,77.59,46,0,2.48,clear sky,0.0,0.0
84,Andros Town,BS,24.7,-77.7667,80.56,68,98,8.79,overcast clouds,0.0,0.0
85,Tasiilaq,GL,65.6145,-37.6368,35.76,80,100,5.32,overcast clouds,0.0,0.0
86,Namatanai,PG,-3.6667,152.4333,78.98,89,100,7.85,moderate rain,1.03,0.0
87,Yellowknife,CA,62.456,-114.3525,42.42,90,75,4.61,broken clouds,0.0,0.0
88,Luang Prabang,LA,19.8856,102.1347,73.36,94,90,0.0,mist,0.0,0.0
89,Leh,IN,34.1667,77.5833,43.59,41,0,4.23,clear sky,0.0,0.0
90,Sakakah,SA,29.9697,40.2064,74.77,23,4,10.47,clear sky,0.0,0.0
91,Challans,FR,46.8436,-1.8749,53.28,83,0,8.81,clear sky,0.0,0.0
92,Kaeo,NZ,-35.1,173.7833,69.33,55,98,9.04,overcast clouds,0.0,0.0
93,Northam,GB,51.0333,-4.2167,60.39,94,97,6.49,overcast clouds,0.0,0.0
94,Majene,ID,-3.5403,118.9707,83.79,72,99,9.66,overcast clouds,0.0,0.0
95,Varna,BG,43.2167,27.9167,48.43,93,75,17.27,broken clouds,0.0,0.0
96,Haimen,CN,23.1935,116.6142,76.89,87,100,17.36,light rain,0.56,0.0
97,East London,ZA,-33.0153,27.9116,63.05,75,100,10.13,overcast clouds,0.0,0.0
98,Necochea,AR,-38.5473,-58.7368,46.04,85,9,10.11,clear sky,0.0,0.0
99,Saint-Pierre,RE,-21.3393,55.4781,69.48,78,40,13.8,scattered clouds,0.0,0.0
100,Kavaratti,IN,10.5669,72.642,82.27,78,100,9.69,overcast clouds,0.0,0.0
101,Buala,SB,-8.145,159.5921,84.94,71,92,6.33,light rain,0.29,0.0
102,Muisne,EC,0.6,-80.0333,73.81,82,100,7.0,overcast clouds,0.0,0.0
103,Sheridan,US,44.8333,-106.9173,64.58,46,1,1.01,clear sky,0.0,0.0
104,Arraial Do Cabo,BR,-22.9661,-42.0278,68.65,66,100,9.01,overcast clouds,0.0,0.0
105,Sayyan,YE,15.1718,44.3244,60.28,66,90,8.9,overcast clouds,0.0,0.0
106,Batemans Bay,AU,-35.7167,150.1833,76.19,31,74,3.22,broken clouds,0.0,0.0
107,Praia Da Vitoria,PT,38.7333,-27.0667,66.76,77,20,7.67,few clouds,0.0,0.0
108,Nhulunbuy,AU,-12.2333,136.7667,86.61,62,75,8.05,broken clouds,0.0,0.0
109,Muroto,JP,33.2833,134.15,82.44,69,2,13.04,clear sky,0.0,0.0
110,Rocha,UY,-34.4833,-54.3333,43.32,78,51,3.89,broken clouds,0.0,0.0
111,Severo-Kurilsk,RU,50.6789,156.125,46.96,73,23,18.48,light rain,0.13,0.0
112,Alofi,NU,-19.0595,-169.9187,82.29,69,13,11.5,few clouds,0.0,0.0
113,Bouar,CF,5.934,15.596,65.26,96,100,2.57,overcast clouds,0.0,0.0
114,Lavrentiya,RU,65.5833,-171.0,34.93,83,100,18.43,overcast clouds,0.0,0.0
115,Hambantota,LK,6.1241,81.1185,79.14,100,20,8.05,few clouds,0.0,0.0
116,Laguna,US,38.421,-121.4238,67.75,50,1,5.99,clear sky,0.0,0.0
117,Khorixas,NA,-20.3667,14.9667,65.61,20,0,3.87,clear sky,0.0,0.0
118,Mackenzie,CA,55.2999,-123.1698,43.02,75,90,8.05,overcast clouds,0.0,0.0
119,Victoria,HK,22.2855,114.1577,82.45,90,100,1.01,overcast clouds,0.0,0.0
120,Tiksi,RU,71.6872,128.8694,24.76,69,100,12.24,overcast clouds,0.0,0.0
121,Bundaberg,AU,-24.85,152.35,82.22,56,40,7.0,scattered clouds,0.0,0.0
122,Hami,CN,42.8,93.45,38.84,45,0,6.76,clear sky,0.0,0.0
123,Russell,US,32.3502,-85.1999,72.68,89,1,0.0,clear sky,0.0,0.0
124,Bollnas,SE,61.3482,16.3946,53.38,96,100,4.05,overcast clouds,0.0,0.0
125,Homnabad,IN,17.7667,77.1333,76.46,80,100,1.88,overcast clouds,0.0,0.0
126,Ostrovnoy,RU,68.0531,39.5131,36.03,86,100,5.39,overcast clouds,0.0,0.0
127,Deputatskiy,RU,69.3,139.9,17.47,84,46,3.27,scattered clouds,0.0,0.0
128,Pangnirtung,CA,66.1451,-65.7125,35.06,77,100,3.85,overcast clouds,0.0,0.0
129,Hibbing,US,47.4272,-92.9377,62.1,88,90,4.61,overcast clouds,0.0,0.0
130,Saint George,US,37.1041,-113.5841,61.39,89,1,1.99,clear sky,0.0,0.0
131,Kayes,ML,14.0,-11.0,80.01,66,100,3.47,overcast clouds,0.0,0.0
132,Yertsevo,RU,60.7966,40.086,43.79,88,100,7.43,overcast clouds,0.0,0.0
133,Halifax,CA,44.6453,-63.5724,48.22,81,5,1.01,clear sky,0.0,0.0
134,Great Yarmouth,GB,52.6083,1.7305,56.95,81,9,7.18,clear sky,0.0,0.0
135,Hofn,IS,64.2539,-15.2082,47.89,97,98,3.71,overcast clouds,0.0,0.0
136,Oussouye,SN,12.485,-16.5469,80.78,76,100,4.54,overcast clouds,0.0,0.0
137,Hobart,AU,-42.8794,147.3294,60.26,66,75,3.0,broken clouds,0.0,0.0
138,Progreso,MX,21.2833,-89.6667,82.11,79,100,10.22,overcast clouds,0.0,0.0
139,Martapura,ID,-3.4167,114.85,84.29,79,20,3.44,few clouds,0.0,0.0
140,Tura,IN,25.5198,90.2201,79.48,79,6,1.25,clear sky,0.0,0.0
141,Tiebissou,CI,7.1574,-5.2257,77.09,98,85,3.8,overcast clouds,0.0,0.0
142,Kapaa,US,22.0752,-159.319,82.38,70,40,5.01,light rain,0.19,0.0
143,Nizwa,OM,22.9333,57.5333,78.94,46,2,1.43,clear sky,0.0,0.0
144,Kahului,US,20.8947,-156.47,85.26,74,40,23.02,scattered clouds,0.0,0.0
145,Marsa Matruh,EG,31.3525,27.2453,62.8,82,0,0.0,clear sky,0.0,0.0
146,Hinesburg,US,44.3292,-73.1107,60.66,87,1,3.44,clear sky,0.0,0.0
147,Azare,NG,11.6765,10.1948,77.43,30,96,3.53,overcast clouds,0.0,0.0
148,Hasaki,JP,35.7333,140.8333,75.6,85,99,16.55,overcast clouds,0.0,0.0
149,Staraya Toropa,RU,56.2801,31.6702,34.72,78,71,3.22,broken clouds,0.0,0.0
150,Caluquembe,AO,-13.7833,14.6833,65.14,69,87,1.59,overcast clouds,0.0,0.0
151,Airai,TL,-8.9266,125.4092,80.69,28,9,5.97,clear sky,0.0,0.0
152,Muros,ES,42.7762,-9.0603,64.83,94,96,4.16,overcast clouds,0.0,0.0
153,Narsaq,GL,60.9167,-46.05,35.82,49,0,7.14,clear sky,0.0,0.0
154,Cabo San Lucas,MX,22.8909,-109.9124,84.18,69,3,4.68,clear sky,0.0,0.0
155,Kuching,MY,1.55,110.3333,86.22,70,20,4.61,few clouds,0.0,0.0
156,Castro,BR,-24.7911,-50.0119,56.44,93,100,9.95,overcast clouds,0.0,0.0
157,Wanning,CN,18.8003,110.3967,81.23,86,99,13.06,heavy intensity rain,5.01,0.0
158,Kavarna,BG,43.4333,28.3333,47.57,98,100,18.63,overcast clouds,0.0,0.0
159,Massaguet,TD,12.4755,15.4365,75.24,27,100,1.21,overcast clouds,0.0,0.0
160,Edson,CA,53.5835,-116.4356,46.54,34,1,4.61,clear sky,0.0,0.0
161,Cidreira,BR,-30.1811,-50.2056,63.61,78,98,17.45,overcast clouds,0.0,0.0
162,Namibe,AO,-15.1961,12.1522,64.38,75,42,7.11,scattered clouds,0.0,0.0
163,Dwarka,IN,22.2394,68.9678,83.53,76,80,3.33,broken clouds,0.0,0.0
164,Contamana,PE,-7.3333,-75.0167,80.19,59,66,1.07,broken clouds,0.0,0.0
165,Constitucion,CL,-35.3333,-72.4167,50.49,78,19,7.25,few clouds,0.0,0.0
166,Siddipet,IN,18.1,78.85,77.56,82,93,3.15,overcast clouds,0.0,0.0
167,Mar Del Plata,AR,-38.0023,-57.5575,54.12,72,0,7.0,clear sky,0.0,0.0
168,Port Elizabeth,ZA,-33.918,25.5701,63.1,72,0,19.57,clear sky,0.0,0.0
169,Samus,RU,56.7475,84.6992,41.32,77,34,14.61,scattered clouds,0.0,0.0
170,Harbour Breton,CA,47.4833,-55.7983,46.99,68,24,26.69,few clouds,0.0,0.0
171,Gouvy,BE,50.186,5.9392,45.99,98,0,4.92,clear sky,0.0,0.0
172,Winnemucca,US,40.973,-117.7357,50.11,81,75,5.75,broken clouds,0.0,0.0
173,Carnarvon,AU,-24.8667,113.6333,68.07,45,0,21.85,clear sky,0.0,0.0
174,Sitka,US,57.0531,-135.33,46.29,76,90,17.27,moderate rain,2.31,0.0
175,Bilma,NE,18.6853,12.9164,77.67,21,69,0.89,broken clouds,0.0,0.0
176,Avon Park,US,27.5959,-81.5062,75.25,94,97,4.21,overcast clouds,0.0,0.0
177,Teknaf,BD,20.8624,92.3058,81.97,83,8,2.33,clear sky,0.0,0.0
178,Vila Velha,BR,-20.3297,-40.2925,69.75,83,75,9.22,broken clouds,0.0,0.0
179,Hithadhoo,MV,-0.6,73.0833,82.49,72,99,8.01,overcast clouds,0.0,0.0
180,Atherton,GB,53.5237,-2.4935,58.91,91,99,1.99,overcast clouds,0.0,0.0
181,Codrington,AU,-38.2667,141.9667,65.05,56,79,10.51,broken clouds,0.0,0.0
182,Caravelas,BR,-17.7125,-39.2481,73.67,75,98,10.8,overcast clouds,0.0,0.0
183,Magadan,RU,59.5667,150.8,35.17,61,6,1.7,clear sky,0.0,0.0
184,Conde,BR,-7.2597,-34.9075,74.66,88,20,6.91,few clouds,0.0,0.0
185,Tecoanapa,MX,16.5167,-98.75,79.54,86,100,2.59,overcast clouds,0.0,0.0
186,Saldanha,ZA,-33.0117,17.9442,53.65,86,24,8.25,few clouds,0.0,0.0
187,Durham,US,36.0335,-78.8664,72.32,89,90,4.61,overcast clouds,0.0,0.0
188,Upernavik,GL,72.7868,-56.1549,25.11,58,42,8.39,scattered clouds,0.0,0.0
189,Kavieng,PG,-2.5744,150.7967,82.76,75,86,10.16,moderate rain,1.81,0.0
190,Rio Pardo De Minas,BR,-15.6097,-42.5397,69.49,80,83,9.06,broken clouds,0.0,0.0
191,Aswan,EG,24.0934,32.907,78.1,29,0,11.5,clear sky,0.0,0.0
192,Ahipara,NZ,-35.1667,173.1667,60.84,62,41,11.59,scattered clouds,0.0,0.0
193,Yasothon,TH,15.75,104.1333,84.33,77,82,6.82,broken clouds,0.0,0.0
194,Flinders,AU,-34.5833,150.8552,79.81,52,76,4.0,broken clouds,0.0,0.0
195,Omboue,GA,-1.5746,9.2618,77.07,90,100,9.28,overcast clouds,0.0,0.0
196,Ouadda,CF,8.0777,22.4007,70.09,75,97,3.22,overcast clouds,0.0,0.0
197,Manbij,SY,36.5281,37.9549,50.77,21,0,4.63,clear sky,0.0,0.0
198,Morant Bay,JM,17.8815,-76.4093,83.82,85,47,7.07,scattered clouds,0.0,0.0
199,Weligama,LK,5.9667,80.4167,81.09,81,68,11.03,broken clouds,0.0,0.0
200,Port Hardy,CA,50.6996,-127.4199,51.98,76,75,4.61,broken clouds,0.0,0.0
201,Barra Do Garcas,BR,-15.89,-52.2567,76.87,74,62,3.91,light rain,0.56,0.0
202,Embonas,GR,36.2269,27.8564,66.83,72,0,4.97,clear sky,0.0,0.0
203,Tuytepa,UZ,41.0321,69.3625,50.34,92,100,5.64,light rain,0.92,0.0
204,Khatanga,RU,71.9667,102.5,17.76,97,99,3.13,overcast clouds,0.0,0.0
205,Vestmannaeyjar,IS,63.4427,-20.2734,48.72,86,14,15.55,few clouds,0.0,0.0
206,Dawlatabad,AF,36.4141,64.9053,47.14,23,5,3.8,clear sky,0.0,0.0
207,Waipawa,NZ,-41.4122,175.5153,63.23,68,95,10.13,overcast clouds,0.0,0.0
208,Hamilton,US,39.1834,-84.5333,69.19,90,40,0.0,scattered clouds,0.0,0.0
209,Baghdad,IQ,33.3406,44.4009,64.31,36,0,9.22,clear sky,0.0,0.0
210,Devanhalli,IN,13.2325,77.6992,71.83,100,75,10.36,broken clouds,0.0,0.0
211,Oktyabrskiy,RU,54.4815,53.471,35.89,77,6,2.75,clear sky,0.0,0.0
212,San Ramon De La Nueva Oran,AR,-23.1322,-64.326,80.35,62,99,2.95,overcast clouds,0.0,0.0
213,Kaitangata,NZ,-46.2817,169.8464,54.32,81,85,5.93,overcast clouds,0.0,0.0
214,Krapivinskiy,RU,54.9992,86.8133,40.64,89,80,13.29,broken clouds,0.0,0.0
215,Cayenne,GF,4.9333,-52.3333,83.08,80,20,5.99,few clouds,0.0,0.0
216,Roros,NO,62.5747,11.3842,44.44,100,90,5.75,fog,0.0,0.0
217,Bethel,US,41.3712,-73.414,66.31,89,20,0.0,few clouds,0.0,0.0
218,Souillac,MU,-20.5167,57.5167,70.18,83,75,3.44,broken clouds,0.0,0.0
219,Sulya,IN,12.5667,75.3833,77.04,93,81,1.36,broken clouds,0.0,0.0
220,Acajutla,SV,13.5928,-89.8275,81.05,81,100,2.13,overcast clouds,0.0,0.0
221,Ypsonas,CY,34.6884,32.9574,68.76,49,0,4.61,clear sky,0.0,0.0
222,Mount Isa,AU,-20.7333,139.5,96.57,12,2,14.97,clear sky,0.0,0.0
223,Najran,SA,17.4924,44.1277,75.85,51,90,3.31,overcast clouds,0.0,0.0
224,Bonham,US,33.5773,-96.1783,83.41,51,1,9.22,clear sky,0.0,0.0
225,Talnakh,RU,69.4865,88.3972,25.84,93,100,3.58,overcast clouds,0.0,0.0
226,Thompson,CA,55.7435,-97.8558,35.76,80,20,2.3,few clouds,0.0,0.0
227,Yelkhovka,RU,53.8667,50.2832,38.16,74,6,5.7,clear sky,0.0,0.0
228,Yerbogachen,RU,61.2767,108.0108,34.72,96,100,14.07,overcast clouds,0.0,0.0
229,Pecos,US,31.4229,-103.4932,91.31,22,1,12.66,clear sky,0.0,0.0
230,Lensk,RU,60.7253,114.9278,35.26,81,100,13.15,overcast clouds,0.0,0.0
231,Xuddur,SO,4.1213,43.8894,70.16,82,29,16.51,scattered clouds,0.0,0.0
232,Sinjhoro,PK,26.0303,68.809,78.87,52,0,11.65,clear sky,0.0,0.0
233,Yar-Sale,RU,66.8333,70.8333,33.33,82,100,16.08,overcast clouds,0.0,0.0
234,Boysun,UZ,38.2061,67.1986,48.85,39,99,1.48,overcast clouds,0.0,0.0
235,Severnyy,RU,50.677,36.5532,32.04,74,0,4.47,clear sky,0.0,0.0
236,Jalu,LY,29.0331,21.5482,72.73,29,0,10.83,clear sky,0.0,0.0
237,Nanortalik,GL,60.1432,-45.2371,37.13,63,0,6.64,clear sky,0.0,0.0
238,Kristinehamn,SE,59.3098,14.1081,54.37,93,100,9.75,overcast clouds,0.0,0.0
239,Salina,US,38.8403,-97.6114,78.19,65,1,0.0,clear sky,0.0,0.0
240,Tucumcari,US,35.1717,-103.725,78.64,21,1,10.36,clear sky,0.0,0.0
241,Kenai,US,60.5544,-151.2583,46.02,85,90,10.36,overcast clouds,0.0,0.0
242,Superior,US,46.7208,-92.1041,62.42,97,90,3.44,fog,0.0,0.0
243,Chokurdakh,RU,70.6333,147.9167,18.57,96,100,5.91,overcast clouds,0.0,0.0
244,Toba,JP,34.4833,136.85,78.33,72,1,5.61,clear sky,0.0,0.0
245,Haines Junction,CA,60.7522,-137.5108,40.95,65,64,8.05,light rain,0.12,0.0
246,Svetlogorsk,BY,52.6333,29.7333,35.71,83,0,5.77,clear sky,0.0,0.0
247,Tezu,IN,27.9167,96.1667,82.67,59,5,1.99,clear sky,0.0,0.0
248,Hay River,CA,60.8156,-115.7999,46.38,57,75,5.75,broken clouds,0.0,0.0
249,Weiz,AT,47.2167,15.6167,47.26,51,99,3.62,overcast clouds,0.0,0.0
250,Baza,ES,37.4907,-2.7726,62.74,78,0,3.0,clear sky,0.0,0.0
251,Sisimiut,GL,66.9395,-53.6735,27.97,60,1,7.38,clear sky,0.0,0.0
252,Santa Isabel Do Rio Negro,BR,-0.4139,-65.0192,74.25,97,98,2.04,overcast clouds,0.0,0.0
253,Boca Do Acre,BR,-8.7522,-67.3978,76.51,86,97,3.22,overcast clouds,0.0,0.0
254,Sao Filipe,CV,14.8961,-24.4956,79.63,80,55,3.51,broken clouds,0.0,0.0
255,Zheleznodorozhnyy,RU,55.7503,38.0042,33.37,70,0,3.69,clear sky,0.0,0.0
256,Comodoro Rivadavia,AR,-45.8667,-67.5,62.46,39,0,3.44,clear sky,0.0,0.0
257,Heihe,CN,50.2441,127.4902,52.38,53,100,8.05,overcast clouds,0.0,0.0
258,Dudinka,RU,69.4058,86.1778,29.44,95,100,6.69,overcast clouds,0.0,0.0
259,Porto Novo,BJ,6.4965,2.6036,80.42,90,100,5.21,light rain,0.11,0.0
260,Coronado,US,32.6859,-117.1831,67.78,79,75,10.36,broken clouds,0.0,0.0
261,Lima,PE,-12.0432,-77.0282,62.91,83,90,13.8,overcast clouds,0.0,0.0
262,Pevek,RU,69.7008,170.3133,25.56,76,100,0.4,overcast clouds,0.0,0.0
263,Segovia,ES,41.1667,-4.0,55.67,49,0,2.95,clear sky,0.0,0.0
264,Luderitz,NA,-26.6481,15.1594,55.35,62,21,11.12,few clouds,0.0,0.0
265,High Prairie,CA,55.4334,-116.4858,43.9,47,6,6.82,clear sky,0.0,0.0
266,San Cristobal,VE,7.7669,-72.225,69.98,89,95,2.46,overcast clouds,0.0,0.0
267,Black River,JM,18.0264,-77.8487,80.6,78,62,1.77,broken clouds,0.0,0.0
268,Lompoc,US,34.6391,-120.4579,64.38,69,1,10.0,clear sky,0.0,0.0
269,Harper,LR,4.375,-7.7169,76.96,89,100,7.47,overcast clouds,0.0,0.0
270,Mrakovo,RU,52.7161,56.6244,34.18,80,0,5.17,clear sky,0.0,0.0
271,Mankono,CI,8.0586,-6.1897,72.12,92,95,2.1,light rain,0.12,0.0
272,Houston,US,29.7633,-95.3633,80.74,70,90,1.99,overcast clouds,0.0,0.0
273,Trapani,IT,37.8333,12.6667,62.28,100,20,4.61,few clouds,0.0,0.0
274,Saint-Georges,GD,12.0564,-61.7485,80.28,83,20,10.36,few clouds,0.0,0.0
275,Faanui,PF,-16.4833,-151.75,78.67,69,23,4.07,few clouds,0.0,0.0
276,Kuito,AO,-12.3833,16.9333,63.72,55,43,3.2,scattered clouds,0.0,0.0
277,Stolin,BY,51.8912,26.846,35.56,84,0,5.97,clear sky,0.0,0.0
278,Phan Thiet,VN,10.9333,108.1,83.89,75,93,14.54,overcast clouds,0.0,0.0
279,Crotone,IT,39.0851,17.1178,64.08,70,2,6.33,clear sky,0.0,0.0
280,Te Anau,NZ,-45.4167,167.7167,57.88,55,21,2.42,few clouds,0.0,0.0
281,Okhotsk,RU,59.3833,143.3,32.34,66,5,13.85,clear sky,0.0,0.0
282,Beloha,MG,-25.1667,45.05,62.2,66,97,10.42,overcast clouds,0.0,0.0
283,Gat,IL,31.61,34.7642,72.39,69,0,4.23,clear sky,0.0,0.0
284,Carora,VE,10.1755,-70.0827,71.65,90,100,2.33,overcast clouds,0.0,0.0
285,Coffs Harbour,AU,-30.3,153.1333,84.13,62,0,19.57,clear sky,0.0,0.0
286,Mogadishu,SO,2.0371,45.3438,77.88,87,87,14.63,overcast clouds,0.0,0.0
287,Bathsheba,BB,13.2167,-59.5167,81.21,78,20,18.41,few clouds,0.0,0.0
288,Adrar,MR,20.5022,-10.0711,85.75,10,87,6.96,overcast clouds,0.0,0.0
289,Dawei,MM,14.0833,98.2,81.0,84,90,4.43,overcast clouds,0.0,0.0
290,Nouadhibou,MR,20.931,-17.0347,75.18,69,100,17.27,dust,0.0,0.0
291,Atar,MR,20.5169,-13.0499,88.48,9,99,7.31,overcast clouds,0.0,0.0
292,Leon,MX,21.1167,-101.6667,69.85,53,73,7.18,broken clouds,0.0,0.0
293,Khandbari,NP,27.3747,87.2039,72.43,83,47,0.51,scattered clouds,0.0,0.0
294,Novaya Ladoga,RU,60.1025,32.3019,45.0,70,100,11.25,overcast clouds,0.0,0.0
295,Shanhetun,CN,44.7,127.2,63.25,48,100,10.38,overcast clouds,0.0,0.0
296,Kushima,JP,31.4583,131.2333,81.91,61,93,13.42,overcast clouds,0.0,0.0
297,Carutapera,BR,-1.195,-46.02,78.37,85,80,5.59,broken clouds,0.0,0.0
298,Capreol,CA,46.706,-80.9225,61.56,79,75,6.91,broken clouds,0.0,0.0
299,Porosozero,RU,62.7191,32.727,48.85,97,100,9.13,overcast clouds,0.0,0.0
300,Belyy Yar,RU,53.6039,91.3903,40.89,87,75,13.42,light intensity shower rain,0.11,0.0
301,Xining,CN,36.6167,101.7667,42.19,69,92,5.59,overcast clouds,0.0,0.0
302,Saint-Joseph,RE,-21.3667,55.6167,68.38,80,59,15.46,light rain,0.17,0.0
303,Kingman,US,35.1894,-114.053,70.77,52,1,13.8,clear sky,0.0,0.0
304,Broome,US,42.2506,-75.833,65.01,81,1,1.99,clear sky,0.0,0.0
305,Norman Wells,CA,65.282,-126.8329,35.64,87,75,6.91,broken clouds,0.0,0.0
306,Tuatapere,NZ,-46.1333,167.6833,54.82,53,23,6.06,few clouds,0.0,0.0
307,Tecpatan,MX,17.1333,-93.3,76.01,99,100,4.23,overcast clouds,0.0,0.0
308,Andrelandia,BR,-21.7397,-44.3092,62.08,87,94,4.47,overcast clouds,0.0,0.0
309,Half Moon Bay,US,37.4636,-122.4286,61.03,75,75,16.11,broken clouds,0.0,0.0
310,Alice Springs,AU,-23.7,133.8833,96.35,9,3,12.66,clear sky,0.0,0.0
311,Nantucket,US,41.2835,-70.0995,63.09,84,90,9.22,overcast clouds,0.0,0.0
312,Roanoke Rapids,US,36.4615,-77.6542,70.21,100,1,4.61,clear sky,0.0,0.0
313,Yaan,NG,7.3833,8.5667,73.89,97,100,5.23,light rain,0.44,0.0
314,Oranjestad,AW,12.524,-70.027,84.15,79,20,18.41,few clouds,0.0,0.0
315,Nuevo Casas Grandes,MX,30.4167,-107.9167,77.76,34,42,5.99,scattered clouds,0.0,0.0
316,Burnie,AU,-41.0667,145.9167,59.94,73,90,14.43,overcast clouds,0.0,0.0
317,Berdigestyakh,RU,62.0989,126.6992,35.46,82,100,8.5,overcast clouds,0.0,0.0
318,Tanout,NE,14.9709,8.8879,82.15,18,90,8.23,overcast clouds,0.0,0.0
319,Tarsus,TR,36.9188,34.8784,60.67,23,0,4.9,clear sky,0.0,0.0
320,Ballina,AU,-28.8667,153.5667,80.78,69,40,16.11,scattered clouds,0.0,0.0
321,Srandakan,ID,-7.9386,110.2506,68.74,65,30,8.77,scattered clouds,0.0,0.0
322,Pilar,BR,-9.5972,-35.9567,76.93,90,98,1.61,overcast clouds,0.0,0.0
323,Vespasiano,BR,-19.6919,-43.9233,71.37,84,75,10.36,broken clouds,0.0,0.0
324,Roquetas De Mar,ES,36.7642,-2.6148,71.6,80,25,6.22,scattered clouds,0.0,0.0
325,Ndioum,SN,16.5129,-14.6471,87.98,42,100,8.97,overcast clouds,0.0,0.0
326,Isangel,VU,-19.55,169.2667,78.91,69,75,5.75,broken clouds,0.0,0.0
327,Longyearbyen,SJ,78.2186,15.6401,19.24,73,0,9.22,clear sky,0.0,0.0
328,Saint-Augustin,CA,51.226,-58.6502,39.51,80,22,7.18,few clouds,0.0,0.0
329,Ouahigouya,BF,13.5828,-2.4216,84.7,21,100,4.74,overcast clouds,0.0,0.0
330,San Rafael,AR,-34.6177,-68.3301,54.37,73,100,3.31,overcast clouds,0.0,0.0
331,Roald,NO,62.5833,6.1333,63.16,94,20,5.75,few clouds,0.0,0.0
332,Chicama,PE,-7.8447,-79.1469,59.54,88,61,7.45,broken clouds,0.0,0.0
333,Teonthar,IN,24.9833,81.65,80.44,55,0,3.33,clear sky,0.0,0.0
334,Bentiu,SS,9.2333,29.8333,73.81,88,74,3.96,broken clouds,0.0,0.0
335,Saskylakh,RU,71.9167,114.0833,10.85,99,88,2.01,overcast clouds,0.0,0.0
336,Gallneukirchen,AT,48.3543,14.4127,45.77,88,0,5.35,clear sky,0.0,0.0
337,Solnechnyy,RU,50.7214,136.6319,50.52,36,100,5.26,overcast clouds,0.0,0.0
338,Venado Tuerto,AR,-33.7456,-61.9688,51.78,60,5,7.9,clear sky,0.0,0.0
339,Lithgow,AU,-33.4833,150.15,75.09,30,24,10.09,few clouds,0.0,0.0
340,Geraldton,AU,-28.7667,114.6,66.61,39,2,18.41,clear sky,0.0,0.0
341,Tessalit,ML,20.1986,1.0114,81.5,11,1,9.01,clear sky,0.0,0.0
342,Ucluelet,CA,48.9329,-125.5528,53.91,81,22,4.85,few clouds,0.0,0.0
343,Tahta,EG,26.7693,31.5021,71.92,58,0,8.7,clear sky,0.0,0.0
344,Nouakchott,MR,18.0858,-15.9785,80.53,68,100,6.38,overcast clouds,0.0,0.0
345,Torbay,CA,47.6666,-52.7314,47.57,84,90,26.46,light rain,0.25,0.0
346,Port Augusta,AU,-32.5,137.7667,86.7,31,8,16.8,clear sky,0.0,0.0
347,French Harbor,HN,16.35,-86.4333,84.2,88,40,3.44,scattered clouds,0.0,0.0
348,Clyde River,CA,70.4692,-68.5914,32.31,79,100,8.93,overcast clouds,0.0,0.0
349,Vila,PT,42.0304,-8.1588,53.92,65,100,3.11,overcast clouds,0.0,0.0
350,Grand Gaube,MU,-20.0064,57.6608,70.2,78,6,3.0,clear sky,0.0,0.0
351,Marzuq,YE,14.4,46.4667,73.96,68,85,1.39,overcast clouds,0.0,0.0
352,Wuxi,CN,31.5689,120.2886,83.95,68,0,7.9,clear sky,0.0,0.0
353,Sretensk,RU,52.2453,117.7093,42.28,50,100,2.44,overcast clouds,0.0,0.0
354,Sakaiminato,JP,35.55,133.2333,76.98,78,75,14.97,broken clouds,0.0,0.0
355,Bengkulu,ID,-3.8004,102.2655,82.58,71,15,7.76,few clouds,0.0,0.0
356,Ca Mau,VN,9.1769,105.15,82.96,83,92,11.99,overcast clouds,0.0,0.0
357,Ranot,TH,7.7777,100.3213,83.28,75,100,16.82,overcast clouds,0.0,0.0
358,Puerto Baquerizo Moreno,EC,-0.9,-89.6,68.72,85,100,11.72,overcast clouds,0.0,0.0
359,Yankton,US,42.8711,-97.3973,74.12,60,1,0.0,clear sky,0.0,0.0
360,Ishigaki,JP,24.3448,124.1572,84.33,79,75,19.57,broken clouds,0.0,0.0
361,Lahaina,US,20.8783,-156.6825,85.24,79,17,14.27,few clouds,0.0,0.0
362,Sao Joao Da Barra,BR,-21.6403,-41.0511,68.09,74,100,6.29,overcast clouds,0.0,0.0
363,Borogontsy,RU,62.6683,131.1683,31.6,83,100,4.76,overcast clouds,0.0,0.0
364,Esperance,AU,-33.8667,121.9,58.84,58,97,13.69,overcast clouds,0.0,0.0
365,Tungor,RU,53.3808,142.9564,47.19,58,99,18.48,overcast clouds,0.0,0.0
366,Nuuk,GL,64.1835,-51.7216,32.61,86,5,5.75,clear sky,0.0,0.0
367,Khvorostyanka,RU,52.6096,48.9597,38.86,75,2,5.77,clear sky,0.0,0.0
368,Olinda,BR,-8.0089,-34.8553,80.33,74,75,6.91,broken clouds,0.0,0.0
369,Hualmay,PE,-11.0964,-77.6139,62.82,90,50,12.62,scattered clouds,0.0,0.0
370,Igarka,RU,67.4667,86.5833,35.67,99,100,6.4,light rain,0.46,0.0
371,Pedernales,DO,18.0384,-71.744,81.57,76,0,2.24,clear sky,0.0,0.0
372,Passagem Franca,BR,-6.1797,-43.7836,78.35,60,35,1.36,scattered clouds,0.0,0.0
373,Bontang,ID,0.1333,117.5,85.68,63,91,5.91,overcast clouds,0.0,0.0
374,Makat,KZ,47.6469,53.3463,42.13,59,0,8.86,clear sky,0.0,0.0
375,Bull Savanna,JM,17.8868,-77.5902,79.09,79,68,2.66,broken clouds,0.0,0.0
376,Nishihara,JP,26.1842,127.7558,82.45,89,75,17.27,broken clouds,0.0,0.0
377,Mathathane,BW,-22.2687,28.7495,72.7,58,0,5.28,clear sky,0.0,0.0
378,Young,UY,-32.6833,-57.6333,56.23,73,42,7.56,scattered clouds,0.0,0.0
379,Keffi,NG,8.8486,7.8736,77.38,91,100,2.17,overcast clouds,0.0,0.0
380,Bud,US,39.447,-86.1758,66.34,93,7,3.18,clear sky,0.0,0.0
381,Nanyuki,KE,0.0167,37.0728,58.08,90,37,9.51,scattered clouds,0.0,0.0
382,Khilok,RU,51.3674,110.4676,34.83,72,100,10.13,overcast clouds,0.0,0.0
383,Poum,NC,-20.2333,164.0167,73.13,67,12,5.82,few clouds,0.0,0.0
384,Kysyl-Syr,RU,63.8986,122.7617,33.85,96,100,9.44,overcast clouds,0.0,0.0
385,Taoudenni,ML,22.6783,-3.9836,86.65,11,61,3.53,broken clouds,0.0,0.0
386,Udachnyy,RU,66.4167,112.4,34.59,93,100,20.51,light rain,0.1,0.0
387,Guanica,PR,17.9716,-66.908,82.06,86,1,1.01,clear sky,0.0,0.0
388,Nueva Gerona,CU,21.8833,-82.8,82.76,76,100,6.35,overcast clouds,0.0,0.0
389,Jiazi,CN,22.8779,116.067,79.05,84,100,21.79,heavy intensity rain,8.58,0.0
390,Matamoros,MX,25.5333,-103.25,86.11,13,1,3.44,clear sky,0.0,0.0
391,Sao Jose Da Coroa Grande,BR,-8.8978,-35.1478,75.72,85,89,7.34,overcast clouds,0.0,0.0
392,Tamandare,BR,-8.7597,-35.1047,75.56,86,98,6.64,overcast clouds,0.0,0.0
393,Iqaluit,CA,63.7506,-68.5145,35.33,87,90,21.0,overcast clouds,0.0,0.0
394,Sabha,LY,27.0377,14.4283,74.07,18,0,11.81,clear sky,0.0,0.0
395,Mildura,AU,-34.2,142.15,83.07,12,10,11.5,clear sky,0.0,0.0
396,Conceicao Do Mato Dentro,BR,-19.0372,-43.425,66.27,93,84,1.63,broken clouds,0.0,0.0
397,Provideniya,RU,64.3833,-173.3,35.46,83,100,9.8,overcast clouds,0.0,0.0
398,Pangai,TO,-19.8,-174.35,77.23,79,12,11.63,few clouds,0.0,0.0
399,Mount Gambier,AU,-37.8333,140.7667,64.31,59,75,13.8,broken clouds,0.0,0.0
400,Pennsville,US,39.6535,-75.5166,70.16,83,90,1.99,overcast clouds,0.0,0.0
401,Pulandian,CN,39.3953,121.9669,64.53,96,100,8.59,light rain,0.18,0.0
402,Ponta Delgada,PT,37.7333,-25.6667,68.5,82,20,6.91,few clouds,0.0,0.0
403,Leningradskiy,RU,69.3833,178.4167,25.0,92,100,0.94,overcast clouds,0.0,0.0
404,Shintomi,JP,32.0785,131.4723,79.92,68,87,10.69,overcast clouds,0.0,0.0
405,Crepy-En-Valois,FR,49.2336,2.8881,51.66,92,0,5.77,clear sky,0.0,0.0
406,Yulara,AU,-25.2406,130.9889,87.64,22,62,10.36,broken clouds,0.0,0.0
407,Tempio Pausania,IT,40.8974,9.1035,58.12,81,83,8.79,broken clouds,0.0,0.0
408,Emerald,AU,-23.5333,148.1667,84.34,37,0,11.5,clear sky,0.0,0.0
409,Okha,RU,53.5739,142.9478,47.1,62,92,20.33,overcast clouds,0.0,0.0
410,Bonavista,CA,48.6499,-53.1147,47.12,81,94,42.46,light rain,0.15,0.0
411,Dingle,PH,10.9995,122.6711,78.35,85,100,1.57,overcast clouds,0.0,0.0
412,Cockburn Town,TC,21.4612,-71.1419,82.69,76,6,12.44,clear sky,0.0,0.0
413,Wittenberge,DE,53.0,11.75,45.0,86,0,6.06,clear sky,0.0,0.0
414,Dongsheng,CN,39.8161,109.9776,46.04,32,76,26.37,broken clouds,0.0,0.0
415,San Quintin,MX,30.4833,-115.95,67.84,77,8,19.77,clear sky,0.0,0.0
416,Walvis Bay,NA,-22.9575,14.5053,54.09,93,0,3.44,clear sky,0.0,0.0
417,Colares,PT,38.7992,-9.4469,64.33,74,52,11.01,broken clouds,0.0,0.0
418,Honningsvag,NO,70.9821,25.9704,38.43,73,100,14.72,overcast clouds,0.0,0.0
419,Madang,PG,-5.2246,145.7966,87.13,63,91,7.76,overcast clouds,0.0,0.0
420,Pelym,RU,61.0108,61.9978,38.35,72,100,8.7,overcast clouds,0.0,0.0
421,Hobyo,SO,5.3505,48.5268,77.63,86,10,20.27,clear sky,0.0,0.0
422,Taunggyi,MM,20.7833,97.0333,69.82,82,3,2.51,clear sky,0.0,0.0
423,Berlevag,NO,70.8578,29.0864,36.97,70,100,8.32,overcast clouds,0.0,0.0
424,Bara,NG,10.3744,10.7288,76.24,57,100,1.81,overcast clouds,0.0,0.0
425,Portobelo,PA,9.55,-79.65,77.74,86,16,3.6,few clouds,0.0,0.0
426,Puerto Narino,CO,-3.7703,-70.3831,75.15,92,100,2.35,overcast clouds,0.0,0.0
427,Kokopo,PG,-4.352,152.2633,78.69,87,66,7.05,moderate rain,3.21,0.0
428,Rundu,NA,-17.9333,19.7667,70.74,46,3,1.32,clear sky,0.0,0.0
429,Kabo,CF,7.6994,18.629,71.91,94,88,3.15,overcast clouds,0.0,0.0
430,Ximei,CN,24.9639,118.3794,87.53,72,100,11.86,overcast clouds,0.0,0.0
431,Sol-Iletsk,RU,51.1631,54.9918,37.67,73,1,8.37,clear sky,0.0,0.0
432,Mitsamiouli,KM,-11.3847,43.2844,75.43,80,2,14.12,clear sky,0.0,0.0
433,Puerto Leguizamo,CO,-0.1934,-74.7819,73.09,93,74,1.79,broken clouds,0.0,0.0
434,Krasnorechenskiy,RU,44.6265,135.3532,60.31,31,34,3.2,scattered clouds,0.0,0.0
435,Gizo,SB,-8.103,156.8419,83.35,75,75,6.93,light rain,0.8,0.0
436,Itarema,BR,-2.9248,-39.9167,79.14,81,71,13.58,broken clouds,0.0,0.0
437,North Bend,US,43.4065,-124.2243,55.31,85,90,3.44,overcast clouds,0.0,0.0
438,Wahiawa,US,21.5028,-158.0236,80.92,58,40,12.66,scattered clouds,0.0,0.0
439,Mnogovershinnyy,RU,53.9353,139.9242,43.61,53,94,14.47,overcast clouds,0.0,0.0
440,Jorpeland,NO,59.0225,6.0408,57.18,99,100,4.29,overcast clouds,0.0,0.0
441,Mopti,ML,14.6667,-4.0,86.23,22,13,2.33,few clouds,0.0,0.0
442,Mikhaylovka,RU,50.06,43.2379,36.12,57,86,5.84,overcast clouds,0.0,0.0
443,Les Cayes,HT,18.2,-73.75,78.82,85,1,4.32,clear sky,0.0,0.0
444,Faya,SA,18.3851,42.4509,64.51,59,92,5.97,overcast clouds,0.0,0.0
445,Inta,RU,66.0317,60.1659,33.51,78,70,20.74,broken clouds,0.0,0.0
446,Guider,CM,9.9342,13.9486,78.98,77,98,3.89,overcast clouds,0.0,0.0
447,Bandarbeyla,SO,9.4942,50.8122,78.01,83,31,18.92,scattered clouds,0.0,0.0
448,Sobolevo,RU,54.4299,31.8996,35.69,83,0,2.68,clear sky,0.0,0.0
449,Nome,US,64.5011,-165.4064,41.16,75,90,13.8,overcast clouds,0.0,0.0
450,Valdivia,CL,-39.8142,-73.2459,44.69,98,1,1.32,clear sky,0.0,0.0
451,Musoma,TZ,-1.5,33.8,71.82,72,91,6.58,overcast clouds,0.0,0.0
452,Vardo,NO,70.3705,31.1107,37.99,64,100,5.17,overcast clouds,0.0,0.0
453,San Jose,US,37.3394,-121.895,60.98,59,40,13.8,scattered clouds,0.0,0.0
454,Iringa,TZ,-7.7667,35.7,56.66,87,1,4.16,clear sky,0.0,0.0
455,Juneau,US,58.3019,-134.4197,44.65,94,90,5.99,moderate rain,0.0,1.27
456,Pytalovo,RU,57.0679,27.9138,36.54,74,85,5.68,overcast clouds,0.0,0.0
457,Kruisfontein,ZA,-34.0033,24.7314,60.89,77,100,15.84,overcast clouds,0.0,0.0
458,Leshukonskoye,RU,64.8989,45.7622,34.38,87,100,5.1,overcast clouds,0.0,0.0
459,Kabare,CD,-2.4683,28.8242,63.41,79,56,1.54,broken clouds,0.0,0.0
460,Regina,CA,50.4501,-104.6178,57.18,64,90,5.75,smoke,0.0,0.0
461,Hongjiang,CN,27.11,109.9956,64.81,88,100,3.87,overcast clouds,0.0,0.0
462,San Carlos De Bariloche,AR,-41.1456,-71.3082,51.55,50,0,11.5,clear sky,0.0,0.0
463,Acapulco,MX,16.8634,-99.8901,84.02,84,90,2.3,overcast clouds,0.0,0.0
464,Anadyr,RU,64.75,177.4833,32.5,93,75,8.01,fog,0.0,0.0
465,Buchanan,LR,5.8808,-10.0467,76.96,90,76,5.53,light rain,0.76,0.0
466,Bubaque,GW,11.2833,-15.8333,83.07,79,100,9.13,overcast clouds,0.0,0.0
467,Kota Belud,MY,6.351,116.4305,87.66,69,100,5.32,overcast clouds,0.0,0.0
468,Abu Dhabi,AE,24.4667,54.3667,86.11,89,0,2.3,clear sky,0.0,0.0
469,Gejiu,CN,23.306,103.1635,62.17,68,59,2.75,broken clouds,0.0,0.0
470,Jasper,US,37.2001,-94.3502,76.35,65,4,12.19,clear sky,0.0,0.0
471,Isla Mujeres,MX,21.2311,-86.731,80.17,79,100,8.21,overcast clouds,0.0,0.0
472,Nogliki,RU,51.8333,143.1667,48.81,45,82,15.41,broken clouds,0.0,0.0
473,Huarmey,PE,-10.0681,-78.1522,63.91,89,74,10.63,broken clouds,0.0,0.0
474,Urumqi,CN,43.801,87.6005,32.95,64,0,6.71,clear sky,0.0,0.0
475,Opuwo,NA,-18.0607,13.84,66.85,29,4,2.51,clear sky,0.0,0.0
476,Miri,MY,4.4148,114.0089,87.94,66,20,3.44,few clouds,0.0,0.0
477,Rawson,AR,-43.3002,-65.1023,63.28,32,80,5.7,broken clouds,0.0,0.0
478,Axim,GH,4.8699,-2.2405,77.2,91,100,5.91,overcast clouds,0.0,0.0
479,Ayan,RU,56.45,138.1667,44.76,45,1,11.16,clear sky,0.0,0.0
480,Phangnga,TH,8.4509,98.5298,82.9,89,100,8.43,overcast clouds,0.0,0.0
481,Benalla,AU,-36.55,145.9833,71.98,60,100,10.87,overcast clouds,0.0,0.0
482,Miramar,US,25.9873,-80.2323,84.22,81,1,8.05,clear sky,0.0,0.0
483,Havre-Saint-Pierre,CA,50.2334,-63.5986,46.4,81,1,9.22,clear sky,0.0,0.0
484,Lumphat,KH,13.4878,106.9816,78.93,88,99,4.81,overcast clouds,0.0,0.0
485,Kikwit,CD,-5.041,18.8162,70.86,90,98,2.42,light rain,0.24,0.0
486,Roman,RO,46.9167,26.9167,46.4,49,100,7.47,light rain,0.15,0.0
487,Creel,MX,27.75,-107.6333,59.54,42,0,5.41,clear sky,0.0,0.0
488,Lagoa,PT,39.05,-27.9833,68.38,66,3,8.66,clear sky,0.0,0.0
489,Perevolotskiy,RU,51.8763,54.1938,37.11,74,0,7.02,clear sky,0.0,0.0
490,Beidao,CN,34.5686,105.8933,48.49,88,100,6.35,overcast clouds,0.0,0.0
491,Naryan-Mar,RU,67.6713,53.087,34.54,68,97,14.9,overcast clouds,0.0,0.0
492,Barrhead,GB,55.7992,-4.3929,60.66,86,90,1.01,overcast clouds,0.0,0.0
493,Longhua,CN,23.6137,114.1919,74.25,96,100,8.46,light rain,0.64,0.0
494,Port Blair,IN,11.6667,92.75,78.84,94,75,9.22,drizzle,0.0,0.0
495,Paita,PE,-5.0892,-81.1144,64.72,86,18,13.0,few clouds,0.0,0.0
496,Altay,CN,47.8667,88.1167,30.0,50,0,4.74,clear sky,0.0,0.0
497,Cravo Norte,CO,6.3017,-70.2041,76.55,87,58,3.44,broken clouds,0.0,0.0
498,Sibolga,ID,1.7427,98.7792,83.97,64,89,1.14,overcast clouds,0.0,0.0
499,Madison,US,34.7334,-86.5667,69.75,92,1,0.0,clear sky,0.0,0.0
500,Baoqing,CN,46.3317,132.2111,60.87,38,100,15.14,overcast clouds,0.0,0.0
501,Diu,IN,20.7141,70.9822,81.75,83,100,3.91,overcast clouds,0.0,0.0
502,Nanakuli,US,21.3906,-158.1547,84.15,53,40,12.66,scattered clouds,0.0,0.0
503,Nelson Bay,AU,-32.7167,152.15,86.29,59,5,7.81,clear sky,0.0,0.0
504,Wiarton,CA,44.7407,-81.1332,65.23,94,75,4.61,broken clouds,0.0,0.0
505,Ranong,TH,9.9658,98.6348,76.93,88,100,15.48,overcast clouds,0.0,0.0
506,Klaksvik,FO,62.2266,-6.589,50.92,98,100,12.35,overcast clouds,0.0,0.0
507,Guarapari,BR,-20.6667,-40.4975,69.69,75,100,4.59,overcast clouds,0.0,0.0
508,Qaqortoq,GL,60.7167,-46.0333,36.1,54,0,5.66,clear sky,0.0,0.0
509,Brae,GB,60.3964,-1.353,53.51,99,100,9.44,overcast clouds,0.0,0.0
510,Makakilo City,US,21.3469,-158.0858,82.72,53,40,12.66,scattered clouds,0.0,0.0
511,Cuamba,MZ,-14.8031,36.5372,64.36,41,0,1.92,clear sky,0.0,0.0
512,Sahuaripa,MX,29.05,-109.2333,80.78,33,72,2.15,broken clouds,0.0,0.0
513,Lufilufi,WS,-13.8745,-171.5986,85.78,74,40,14.36,scattered clouds,0.0,0.0
514,Boston,US,42.3584,-71.0598,61.95,84,90,1.01,overcast clouds,0.0,0.0
515,Vama,RO,47.5667,25.6833,34.75,68,65,3.15,broken clouds,0.0,0.0
516,Baie-Comeau,CA,49.2168,-68.1489,44.28,81,1,4.61,clear sky,0.0,0.0
517,Marau,BR,-28.4492,-52.2,58.62,97,100,6.87,overcast clouds,0.0,0.0
518,Freeport,US,40.6576,-73.5832,70.99,74,90,4.0,overcast clouds,0.0,0.0
519,Celestun,MX,20.8667,-90.4,81.73,80,100,12.64,overcast clouds,0.0,0.0
520,Kendari,ID,-3.945,122.4989,87.19,58,100,1.9,overcast clouds,0.0,0.0
521,Awbari,LY,26.5921,12.7805,74.57,19,0,11.1,clear sky,0.0,0.0
522,Road Town,VG,18.4167,-64.6167,82.2,71,98,14.61,overcast clouds,0.0,0.0
523,Valdez,EC,1.2492,-78.9831,75.96,82,70,8.57,broken clouds,0.0,0.0
524,Bambari,CF,5.768,20.6757,71.22,95,96,2.01,overcast clouds,0.0,0.0
525,Dinghai,CN,26.2847,119.7936,81.52,84,100,19.6,overcast clouds,0.0,0.0
526,Puerto Del Rosario,ES,28.5004,-13.8627,71.35,78,100,10.36,overcast clouds,0.0,0.0
527,Jagdalpur,IN,19.0667,82.0333,75.54,84,6,1.07,clear sky,0.0,0.0
528,Stromness,GB,58.965,-3.296,59.25,92,100,5.99,overcast clouds,0.0,0.0
529,Chaudfontaine,BE,50.5828,5.6341,48.83,93,0,3.44,clear sky,0.0,0.0
530,Kuusamo,FI,65.9667,29.1833,35.64,100,90,4.61,fog,0.0,0.0
531,Ginir,ET,7.1333,40.7,59.94,85,78,4.9,broken clouds,0.0,0.0
532,Vilhena,BR,-12.7406,-60.1458,73.26,73,100,2.77,overcast clouds,0.0,0.0
533,Coquimbo,CL,-29.9533,-71.3436,54.7,75,0,4.07,clear sky,0.0,0.0
534,Barra Patuca,HN,15.8,-84.2833,79.93,85,100,7.76,overcast clouds,0.0,0.0
535,Hervey Bay,AU,-25.2986,152.8535,82.04,66,0,9.53,clear sky,0.0,0.0
536,Bac Lieu,VN,9.285,105.7244,83.32,78,100,17.83,overcast clouds,0.0,0.0
537,Pisco,PE,-13.7,-76.2167,63.01,82,0,11.5,clear sky,0.0,0.0
538,Sola,VU,-13.8833,167.55,79.41,81,97,19.48,overcast clouds,0.0,0.0
539,Novoanninskiy,RU,50.5287,42.6747,36.54,54,100,5.39,overcast clouds,0.0,0.0
540,North Branch,US,45.5113,-92.9802,67.06,91,24,5.86,few clouds,0.0,0.0
541,Bansi,IN,27.1833,82.9333,77.47,71,0,1.74,clear sky,0.0,0.0
542,Santa Marta,CO,11.2408,-74.199,78.35,79,3,12.3,clear sky,0.0,0.0
543,Bafia,CM,4.75,11.2333,69.96,97,100,0.36,overcast clouds,0.0,0.0
544,Christchurch,NZ,-43.5333,172.6333,61.0,64,75,8.01,broken clouds,0.0,0.0
545,Mahebourg,MU,-20.4081,57.7,70.09,83,75,3.44,light rain,0.21,0.0
546,Hurricane,US,37.1753,-113.2899,61.97,76,79,2.64,broken clouds,0.0,0.0
547,Puerto Padre,CU,21.195,-76.6028,78.01,84,12,7.63,few clouds,0.0,0.0
548,Westport,US,41.1415,-73.3579,68.29,88,75,8.99,broken clouds,0.0,0.0
549,Mondlo,ZA,-27.983,30.7177,56.62,83,0,3.15,clear sky,0.0,0.0
550,Cairns,AU,-16.9167,145.7667,90.95,52,25,12.66,scattered clouds,0.0,0.0
551,Tautira,PF,-17.7333,-149.15,82.42,71,68,2.06,broken clouds,0.0,0.0
552,Lethem,GY,3.3803,-59.7968,77.14,87,100,3.71,overcast clouds,0.0,0.0
553,Zhangye,CN,38.9342,100.4517,37.11,54,71,0.87,broken clouds,0.0,0.0
554,Kargat,RU,55.1956,80.2811,39.6,79,0,16.51,clear sky,0.0,0.0
555,Arona,ES,28.0996,-16.681,65.32,76,20,4.61,few clouds,0.0,0.0
556,Saurimo,AO,-9.6608,20.3916,66.4,79,5,2.53,clear sky,0.0,0.0
557,Bukachacha,RU,52.9833,116.9167,40.95,49,100,3.09,overcast clouds,0.0,0.0
558,Znamenskoye,RU,57.1281,73.8282,37.31,83,22,8.95,few clouds,0.0,0.0
559,Filingue,NE,14.3521,3.3168,90.36,23,23,7.05,few clouds,0.0,0.0
560,Pandamatenga,BW,-18.5278,25.627,72.91,40,2,3.18,clear sky,0.0,0.0
561,Marsh Harbour,BS,26.5412,-77.0636,82.17,63,100,4.5,overcast clouds,0.0,0.0
562,Kajaani,FI,64.2273,27.7285,46.45,100,90,9.22,overcast clouds,0.0,0.0
563,Ilulissat,GL,69.2167,-51.1,26.62,36,53,8.05,broken clouds,0.0,0.0
564,Ipueiras,BR,-7.0333,-40.45,80.51,41,85,5.21,overcast clouds,0.0,0.0
565,Rosarito,MX,32.3333,-117.0333,67.48,70,99,11.3,overcast clouds,0.0,0.0
566,Talaya,RU,61.3833,152.75,20.53,69,23,1.88,few clouds,0.0,0.0
567,Veraval,IN,20.9,70.3667,82.53,80,100,2.48,overcast clouds,0.0,0.0
568,Ekhabi,RU,53.5102,142.9671,46.85,63,98,19.6,overcast clouds,0.0,0.0
569,Smithers,CA,54.7804,-127.1743,46.72,76,75,0.0,broken clouds,0.0,0.0
570,Lakes Entrance,AU,-37.8811,147.981,77.16,37,100,2.8,overcast clouds,0.0,0.0
571,La Romana,DO,18.4273,-68.9728,80.33,94,40,0.0,thunderstorm,0.0,0.0
572,Vikhorevka,RU,56.1201,101.1636,36.99,76,99,11.72,overcast clouds,0.0,0.0
573,Santa Maria,BR,-29.6842,-53.8069,61.9,77,75,11.5,moderate rain,2.24,0.0
574,Pokaran,IN,26.9167,71.9167,83.46,48,0,12.19,clear sky,0.0,0.0
575,Villa Union,MX,23.2,-106.2333,80.28,91,0,3.36,clear sky,0.0,0.0
576,Eganville,CA,45.5334,-77.0994,53.51,93,100,4.5,overcast clouds,0.0,0.0
577,Tirat Karmel,IL,32.7617,34.9719,68.95,61,0,11.86,clear sky,0.0,0.0
578,Sorgun,TR,39.8101,35.186,48.13,55,94,3.06,overcast clouds,0.0,0.0
579,Vangaindrano,MG,-23.35,47.6,66.52,79,100,5.3,overcast clouds,0.0,0.0
580,Lubsko,PL,51.7847,14.972,41.76,81,0,7.87,clear sky,0.0,0.0
581,Carlsbad,US,33.1581,-117.3506,68.72,82,1,1.99,clear sky,0.0,0.0
582,Ginda,IN,30.6945,78.4932,59.11,64,0,4.9,clear sky,0.0,0.0
583,Kihei,US,20.785,-156.4656,85.26,75,40,23.02,scattered clouds,0.0,0.0
584,Kizel,RU,59.0471,57.6477,37.24,75,90,4.72,overcast clouds,0.0,0.0
585,Chumikan,RU,54.7183,135.315,47.01,51,48,18.77,scattered clouds,0.0,0.0
586,Castrillon,ES,43.3979,-6.7922,54.21,92,100,1.81,overcast clouds,0.0,0.0
587,Ugoofaaru,MV,5.6667,73.0,82.94,77,64,16.98,broken clouds,0.0,0.0
588,Surgut,RU,61.25,73.4167,39.38,65,20,22.37,few clouds,0.0,0.0
589,Kontagora,NG,10.3999,5.4695,76.17,74,100,0.69,overcast clouds,0.0,0.0
590,Omsukchan,RU,62.5333,155.8,22.71,73,55,2.68,broken clouds,0.0,0.0
591,Kuryk,KZ,43.2,51.65,45.07,33,0,6.51,clear sky,0.0,0.0
592,Vredendal,ZA,-31.6683,18.5012,57.43,91,62,6.31,broken clouds,0.0,0.0
593,Konstantinovka,RU,49.6167,127.9833,56.35,57,100,10.71,overcast clouds,0.0,0.0
594,Nemuro,JP,43.3236,145.575,66.63,67,0,8.81,clear sky,0.0,0.0
595,Seoul,KR,37.5683,126.9778,71.17,78,75,10.36,broken clouds,0.0,0.0
596,Batagay,RU,67.6333,134.6333,26.58,62,74,5.48,broken clouds,0.0,0.0
597,Sechura,PE,-5.5569,-80.8222,65.71,81,44,12.33,scattered clouds,0.0,0.0
598,Cabedelo,BR,-6.9811,-34.8339,75.87,83,100,11.39,overcast clouds,0.0,0.0
599,Noumea,NC,-22.2763,166.4572,80.58,58,3,20.51,clear sky,0.0,0.0
600,Skjervoy,NO,70.0311,20.9714,42.89,68,100,9.37,overcast clouds,0.0,0.0
601,Belmonte,BR,-15.8631,-38.8828,75.7,92,89,8.14,overcast clouds,0.0,0.0
602,Pincher Creek,CA,49.4833,-113.952,53.71,30,1,9.22,clear sky,0.0,0.0
603,Nuevo Progreso,MX,23.1667,-97.95,80.6,68,1,1.99,clear sky,0.0,0.0
604,Zhangjiakou,CN,40.81,114.8794,51.55,86,100,1.48,overcast clouds,0.0,0.0
605,Kloulklubed,PW,7.0419,134.2556,83.98,75,95,21.9,moderate rain,1.23,0.0
606,Petatlan,MX,17.5167,-101.2667,79.5,88,100,2.51,overcast clouds,0.0,0.0
607,Pitimbu,BR,-7.4706,-34.8086,75.79,84,100,10.85,overcast clouds,0.0,0.0
608,Zinacantan,MX,16.75,-92.7,50.92,95,88,6.22,overcast clouds,0.0,0.0
609,Sukumo,JP,32.9333,132.7333,80.46,61,10,8.37,clear sky,0.0,0.0
610,Surdulica,RS,42.6906,22.1708,44.58,97,100,4.0,overcast clouds,0.0,0.0
611,Santa Cruz,BO,-17.8,-63.1667,83.66,65,99,10.36,overcast clouds,0.0,0.0
612,Buraydah,SA,26.326,43.975,75.65,22,0,4.61,clear sky,0.0,0.0
613,Yabrud,SY,33.9674,36.6574,58.53,35,0,0.47,clear sky,0.0,0.0
614,Paamiut,GL,61.994,-49.6678,35.06,62,0,5.5,clear sky,0.0,0.0
615,Dakar,SN,14.6937,-17.4441,82.53,94,100,0.0,overcast clouds,0.0,0.0
616,Riachao Das Neves,BR,-11.7461,-44.91,78.03,28,1,2.04,clear sky,0.0,0.0
617,Pacific Grove,US,36.6177,-121.9166,60.91,76,40,1.01,scattered clouds,0.0,0.0
618,Lucapa,AO,-8.4192,20.7447,67.37,78,36,1.88,scattered clouds,0.0,0.0
619,Rantauprapat,ID,2.1,99.8333,84.72,60,86,0.54,overcast clouds,0.0,0.0
620,Balancan,MX,17.8,-91.5333,75.42,94,88,4.81,overcast clouds,0.0,0.0
621,Saint-Francois,FR,46.4154,3.9054,50.47,97,90,1.14,fog,0.0,0.0
622,Chengam,IN,12.3,78.8,76.66,88,100,6.29,overcast clouds,0.0,0.0
623,Soure,BR,-0.7167,-48.5233,80.8,83,99,10.6,overcast clouds,0.0,0.0
624,Beringovskiy,RU,63.05,179.3167,32.74,97,100,17.13,snow,0.0,0.62
625,Filadelfia,US,39.9523,-75.1638,69.69,87,75,0.0,broken clouds,0.0,0.0
626,Shelburne,CA,44.0787,-80.2041,61.59,97,77,7.43,broken clouds,0.0,0.0
627,Fairbanks,US,64.8378,-147.7164,43.14,79,75,4.61,broken clouds,0.0,0.0
628,Yangambi,CD,0.8102,24.4336,69.64,96,94,0.96,overcast clouds,0.0,0.0
629,Huangnihe,CN,43.5583,128.0239,58.68,53,100,8.68,overcast clouds,0.0,0.0
630,Meulaboh,ID,4.1363,96.1285,81.21,76,100,2.64,overcast clouds,0.0,0.0
631,Uppsala,SE,60.0,17.75,53.78,87,90,8.05,overcast clouds,0.0,0.0
632,Gilbues,BR,-9.8317,-45.3439,82.47,25,75,3.91,broken clouds,0.0,0.0
633,Vila Nova Da Telha,PT,41.0717,-8.6415,63.64,90,40,0.0,mist,0.0,0.0
634,Sinnamary,GF,5.3833,-52.95,80.92,79,94,11.14,overcast clouds,0.0,0.0
635,Nalut,LY,30.3333,10.85,67.17,69,0,14.92,clear sky,0.0,0.0
636,Saint-Ambroise,CA,48.5501,-71.3324,49.82,66,68,5.75,broken clouds,0.0,0.0
637,Bartica,GY,6.4,-58.6167,77.32,98,100,2.28,overcast clouds,0.0,0.0
638,Acarau,BR,-2.8856,-40.12,79.14,81,65,14.29,broken clouds,0.0,0.0
639,Abnub,EG,27.2696,31.1511,70.02,63,0,9.26,clear sky,0.0,0.0
640,Ola,RU,59.5833,151.2833,35.64,55,8,0.6,clear sky,0.0,0.0
641,Naze,JP,28.3667,129.4833,81.52,83,37,19.57,scattered clouds,0.0,0.0
642,Orsk,RU,51.2049,58.5668,34.7,75,0,8.95,clear sky,0.0,0.0
643,Nioki,CD,-2.7167,17.6833,72.23,97,56,3.04,broken clouds,0.0,0.0
644,Moron,AR,-34.6534,-58.6198,57.96,61,7,5.99,clear sky,0.0,0.0
645,Portales,US,34.1862,-103.3344,75.09,37,100,9.93,overcast clouds,0.0,0.0
646,Dahra,DZ,36.2546,0.8519,61.99,69,2,4.25,clear sky,0.0,0.0
647,Los Llanos De Aridane,ES,28.6585,-17.9182,67.75,77,75,10.36,broken clouds,0.0,0.0
648,Muravlenko,RU,63.7898,74.523,32.38,83,83,24.9,broken clouds,0.0,0.0
649,Lata,PT,40.1629,-8.3327,62.08,88,78,1.81,broken clouds,0.0,0.0
650,Martin,US,27.0837,-80.4164,84.13,89,100,2.68,moderate rain,2.37,0.0
651,Jardim,BR,-21.4803,-56.1381,79.7,61,100,4.56,overcast clouds,0.0,0.0
652,Kiama,AU,-34.6833,150.8667,80.01,49,69,4.5,broken clouds,0.0,0.0
653,Kashi,CN,39.4547,75.9797,51.01,29,40,11.18,dust,0.0,0.0
654,Den Helder,NL,52.9599,4.7593,53.98,90,5,5.99,mist,0.0,0.0
655,Castlemaine,AU,-37.0667,144.2167,69.04,50,100,10.4,overcast clouds,0.0,0.0
656,Fukuchiyama,JP,35.3,135.1167,84.49,59,38,1.81,scattered clouds,0.0,0.0
657,Seguela,CI,7.9611,-6.6731,71.96,92,100,1.01,overcast clouds,0.0,0.0
658,Kudeyevskiy,RU,54.8758,56.7567,25.83,83,4,1.45,clear sky,0.0,0.0
659,Riyadh,SA,24.6877,46.7219,73.54,22,0,5.1,clear sky,0.0,0.0
660,Churapcha,RU,62.0025,132.4325,32.25,82,100,6.13,overcast clouds,0.0,0.0
661,Shilovo,RU,54.3204,40.874,36.79,76,3,3.6,clear sky,0.0,0.0
662,Cap Malheureux,MU,-19.9842,57.6142,70.29,78,5,3.0,clear sky,0.0,0.0
663,Vondrozo,MG,-22.8167,47.2833,58.82,93,100,2.82,light rain,0.1,0.0
664,La Libertad,EC,-2.2333,-80.9,69.31,83,100,8.41,overcast clouds,0.0,0.0
665,Auki,SB,-8.7676,160.7034,87.62,61,53,2.08,moderate rain,1.15,0.0
666,Ribera,IT,37.4984,13.2642,61.65,80,7,3.98,clear sky,0.0,0.0
667,Schrobenhausen,DE,48.55,11.2667,46.11,97,0,3.44,clear sky,0.0,0.0
668,Katherine,AU,-14.4667,132.2667,93.52,40,5,5.75,clear sky,0.0,0.0
669,Shingu,JP,33.7333,135.9833,79.79,70,55,7.87,broken clouds,0.0,0.0
670,Goderich,CA,43.7501,-81.7165,66.52,82,43,11.5,scattered clouds,0.0,0.0
671,Kieta,PG,-6.2167,155.6333,80.6,85,97,4.79,moderate rain,1.89,0.0
672,Neiafu,TO,-18.65,-173.9833,77.92,78,5,13.85,clear sky,0.0,0.0
673,Raudeberg,NO,61.9875,5.1352,59.2,93,100,8.01,overcast clouds,0.0,0.0
674,Kommunisticheskiy,RU,61.6789,64.4819,36.43,69,41,13.04,scattered clouds,0.0,0.0
675,Tabory,RU,58.5198,64.5495,42.04,80,67,9.1,broken clouds,0.0,0.0
676,Samana,DO,19.2056,-69.3369,78.31,89,3,6.71,clear sky,0.0,0.0
677,Palu,ID,-0.8917,119.8707,89.53,61,51,2.28,broken clouds,0.0,0.0
678,Morondava,MG,-20.2833,44.2833,75.6,70,64,5.26,broken clouds,0.0,0.0
679,Srednekolymsk,RU,67.45,153.6833,20.53,76,70,3.04,broken clouds,0.0,0.0
680,Luanda,AO,-8.8368,13.2343,73.27,81,60,7.0,broken clouds,0.0,0.0
681,Jeremoabo,BR,-10.075,-38.4808,67.44,97,57,6.69,broken clouds,0.0,0.0
682,Poitiers,FR,46.5833,0.3333,53.78,54,0,5.75,clear sky,0.0,0.0
683,Porbandar,IN,21.6422,69.6093,83.46,77,96,1.95,overcast clouds,0.0,0.0
684,Wanxian,CN,30.8039,108.3897,75.13,72,2,4.79,clear sky,0.0,0.0
685,Coahuayana,MX,18.7333,-103.6833,89.08,89,99,1.86,overcast clouds,0.0,0.0
686,Takestan,IR,36.0696,49.6959,39.33,81,16,8.81,few clouds,0.0,0.0
687,Ust-Tsilma,RU,65.441,52.1498,35.78,79,100,8.37,overcast clouds,0.0,0.0
688,Balkanabat,TM,39.5108,54.3671,50.22,32,0,0.54,clear sky,0.0,0.0
689,Port Macquarie,AU,-31.4333,152.9167,85.37,53,0,13.42,clear sky,0.0,0.0
690,Zhigansk,RU,66.7697,123.3711,28.49,96,100,23.29,snow,0.0,0.92
691,Yelizovo,RU,53.1873,158.3805,50.14,40,0,4.47,clear sky,0.0,0.0
692,Gushikawa,JP,26.3544,127.8686,85.23,88,40,23.02,scattered clouds,0.0,0.0
693,Chelmek,PL,50.1016,19.248,41.38,64,0,9.82,clear sky,0.0,0.0
694,Gao,ML,16.6362,1.637,81.97,10,17,11.39,few clouds,0.0,0.0
695,Gurupa,BR,-1.405,-51.64,76.53,81,72,4.21,broken clouds,0.0,0.0
696,Petropavlovsk-Kamchatskiy,RU,53.0452,158.6483,48.79,40,0,4.47,clear sky,0.0,0.0
697,Vanimo,PG,-2.6741,141.3028,85.77,72,80,7.56,broken clouds,0.0,0.0
698,Gibsons,CA,49.3997,-123.5027,56.23,81,8,2.48,clear sky,0.0,0.0
699,Dunedin,NZ,-45.8742,170.5036,52.29,85,100,7.61,overcast clouds,0.0,0.0
700,Camacha,PT,33.0833,-16.3333,68.76,68,75,10.36,broken clouds,0.0,0.0
701,Hokitika,NZ,-42.7167,170.9667,57.06,80,21,6.08,few clouds,0.0,0.0
702,Tarata,BO,-17.6167,-66.0167,63.82,63,23,5.19,few clouds,0.0,0.0
703,Venice,US,27.0998,-82.4543,80.98,88,90,0.0,overcast clouds,0.0,0.0
704,Alamos,MX,27.0167,-108.9333,88.72,27,0,2.82,clear sky,0.0,0.0
705,Lieksa,FI,63.3167,30.0167,51.15,93,100,12.55,overcast clouds,0.0,0.0
706,Langsa,ID,4.4683,97.9683,81.75,78,100,1.9,overcast clouds,0.0,0.0
707,Samarai,PG,-10.6167,150.6667,81.34,79,32,14.52,scattered clouds,0.0,0.0
708,Andreapol,RU,56.6513,32.2664,34.88,79,76,4.32,broken clouds,0.0,0.0
709,Dumfries,US,38.5676,-77.328,71.24,88,100,4.34,overcast clouds,0.0,0.0
710,Starovelichkovskaya,RU,45.4288,38.7326,45.14,67,80,16.13,broken clouds,0.0,0.0
711,Presidencia Roque Saenz Pena,AR,-26.7852,-60.4388,68.22,76,93,8.59,overcast clouds,0.0,0.0
712,Lorengau,PG,-2.0226,147.2712,85.86,61,99,8.34,overcast clouds,0.0,0.0
713,Ixtapa,MX,20.7,-105.2,87.03,79,90,8.05,overcast clouds,0.0,0.0
714,Basco,PH,20.4487,121.9702,83.37,81,64,17.34,broken clouds,0.0,0.0
